id,signal,execs,time_ms,size,sha256,exit_code,asan_type,classification,top_frame,top_symbol,locations,filename
000000,06,3203,1112,8,56f50a35461218ffd5629dcbf0ab647a0cbb2976479e07775bc01a02d3629897,1,attempting,invalid-free / bad-free,(/root/codex_final_fuzzstudy_0606/513558007-Fuzzing-Study/fuzzgoat_ASAN+0xccffa) (BuildId: e9c752000637e5054a2d38b8a89a1c1d6b08c082),default_free at /src/fuzzgoat.c:85,default_free at /src/fuzzgoat.c:85; main at /src/main.c:166; new_value at /src/fuzzgoat.c:99; json_parse at /src/fuzzgoat.c:1073; main at /src/main.c:156,"id:000000,sig:06,src:000000,time:1112,execs:3203,op:havoc,rep:2"
000001,06,4526,1573,11,25e78af16ae298b9c69b1691f39e6207631b5e33da0f7fc890a3c67f478cb45a,1,attempting,invalid-free / bad-free,(/root/codex_final_fuzzstudy_0606/513558007-Fuzzing-Study/fuzzgoat_ASAN+0xccffa) (BuildId: e9c752000637e5054a2d38b8a89a1c1d6b08c082),default_free at /src/fuzzgoat.c:85,default_free at /src/fuzzgoat.c:85; main at /src/main.c:166; new_value at /src/fuzzgoat.c:99; json_parse at /src/fuzzgoat.c:1073; main at /src/main.c:156,"id:000001,sig:06,src:000000,time:1573,execs:4526,op:havoc,rep:6"
000002,06,5662,1970,2,12ae32cb1ec02d01eda3581b127c1fee3b0dc53572ed6baf239721a03d82e126,1,heap-buffer-overflow,heap-buffer-overflow,(/root/codex_final_fuzzstudy_0606/513558007-Fuzzing-Study/fuzzgoat_ASAN+0x4da4a) (BuildId: e9c752000637e5054a2d38b8a89a1c1d6b08c082),main at /src/main.c:150,main at /src/main.c:150; main at /src/main.c:129,"id:000002,sig:06,src:000000,time:1970,execs:5662,op:havoc,rep:4"
000003,11,7792,2709,10,b8f57e5cb315842f2fde62ba578def36eb0914760e3c9d29c9e63684776ceb35,1,heap-buffer-overflow,heap-buffer-overflow,(/root/codex_final_fuzzstudy_0606/513558007-Fuzzing-Study/fuzzgoat_ASAN+0x4da4a) (BuildId: e9c752000637e5054a2d38b8a89a1c1d6b08c082),main at /src/main.c:150,main at /src/main.c:150; main at /src/main.c:129,"id:000003,sig:11,src:000000,time:2709,execs:7792,op:havoc,rep:1"
000004,06,13907,4854,8,e66d1ffce0178c1929647d893e9a1aee5d14335fb8aa664048905ded2e6387e2,1,attempting,invalid-free / bad-free,(/root/codex_final_fuzzstudy_0606/513558007-Fuzzing-Study/fuzzgoat_ASAN+0xccffa) (BuildId: e9c752000637e5054a2d38b8a89a1c1d6b08c082),default_free at /src/fuzzgoat.c:85,default_free at /src/fuzzgoat.c:85; main at /src/main.c:166; new_value at /src/fuzzgoat.c:99; json_parse at /src/fuzzgoat.c:1073; main at /src/main.c:156,"id:000004,sig:06,src:000000,time:4854,execs:13907,op:havoc,rep:3"
000005,11,14018,4893,14,2ca1f24596b8cfcc9c92419ac745604947462c81332482b75a328706dead7db7,1,heap-buffer-overflow,heap-buffer-overflow,(/root/codex_final_fuzzstudy_0606/513558007-Fuzzing-Study/fuzzgoat_ASAN+0x4da4a) (BuildId: e9c752000637e5054a2d38b8a89a1c1d6b08c082),main at /src/main.c:150,main at /src/main.c:150; main at /src/main.c:129,"id:000005,sig:11,src:000000,time:4893,execs:14018,op:havoc,rep:4"
000006,06,14410,5034,6,2f13925ee90041ac363a01bdc22d77c1aadb7a395f4d9a99b0033fd4ad3d8d2d,1,heap-buffer-overflow,heap-buffer-overflow,(/root/codex_final_fuzzstudy_0606/513558007-Fuzzing-Study/fuzzgoat_ASAN+0x4da4a) (BuildId: e9c752000637e5054a2d38b8a89a1c1d6b08c082),main at /src/main.c:150,main at /src/main.c:150; main at /src/main.c:129,"id:000006,sig:06,src:000000,time:5034,execs:14410,op:havoc,rep:7"
000007,11,19405,6827,8,19dcf6e2b4af66769af78d6fc00e287dff8d737f25384d8f845dff643c88aa58,1,heap-buffer-overflow,heap-buffer-overflow,(/root/codex_final_fuzzstudy_0606/513558007-Fuzzing-Study/fuzzgoat_ASAN+0x4da4a) (BuildId: e9c752000637e5054a2d38b8a89a1c1d6b08c082),main at /src/main.c:150,main at /src/main.c:150; main at /src/main.c:129,"id:000007,sig:11,src:000000,time:6827,execs:19405,op:havoc,rep:3"
000008,11,25564,9173,12,75a3e7ac4e89015d82f2d4800c22a244dd4665ad5d9f1034da94870f3af59cd9,1,heap-buffer-overflow,heap-buffer-overflow,(/root/codex_final_fuzzstudy_0606/513558007-Fuzzing-Study/fuzzgoat_ASAN+0x4da4a) (BuildId: e9c752000637e5054a2d38b8a89a1c1d6b08c082),main at /src/main.c:150,main at /src/main.c:150; main at /src/main.c:129,"id:000008,sig:11,src:000000,time:9173,execs:25564,op:havoc,rep:5"
000009,11,33449,12120,8,b792d345ef2ce8249df593a05ba77896755d633f16bc176ed7d8a2679734a9d3,1,heap-buffer-overflow,heap-buffer-overflow,(/root/codex_final_fuzzstudy_0606/513558007-Fuzzing-Study/fuzzgoat_ASAN+0x4da4a) (BuildId: e9c752000637e5054a2d38b8a89a1c1d6b08c082),main at /src/main.c:150,main at /src/main.c:150; main at /src/main.c:129,"id:000009,sig:11,src:000000,time:12120,execs:33449,op:havoc,rep:2"
000010,06,44025,16042,8,9dcca821d619ad90dbe1dbdd69b16c495cf148eb9bf8537f9517e5bb8683b860,1,heap-buffer-overflow,heap-buffer-overflow,(/root/codex_final_fuzzstudy_0606/513558007-Fuzzing-Study/fuzzgoat_ASAN+0x4da4a) (BuildId: e9c752000637e5054a2d38b8a89a1c1d6b08c082),main at /src/main.c:150,main at /src/main.c:150; main at /src/main.c:129,"id:000010,sig:06,src:000000,time:16042,execs:44025,op:havoc,rep:7"
000011,06,146351,52853,8,6c783877cd46b50213c69daf13ef67e1d64f191e526e750a562a47a3191630e6,1,heap-buffer-overflow,heap-buffer-overflow,(/root/codex_final_fuzzstudy_0606/513558007-Fuzzing-Study/fuzzgoat_ASAN+0x4da4a) (BuildId: e9c752000637e5054a2d38b8a89a1c1d6b08c082),main at /src/main.c:150,main at /src/main.c:150; main at /src/main.c:129,"id:000011,sig:06,src:000174,time:52853,execs:146351,op:havoc,rep:2"
000012,06,270211,97836,4,055539df4a0b804c58caf46c0cd2941af10d64c1395ddd8e50b5f55d945841e6,1,heap-buffer-overflow,heap-buffer-overflow,(/root/codex_final_fuzzstudy_0606/513558007-Fuzzing-Study/fuzzgoat_ASAN+0x4da4a) (BuildId: e9c752000637e5054a2d38b8a89a1c1d6b08c082),main at /src/main.c:150,main at /src/main.c:150; main at /src/main.c:129,"id:000012,sig:06,src:000076,time:97836,execs:270211,op:havoc,rep:1"
000013,11,405817,146855,6,6d741b146801696dd35e34575e778730f06b2ec4bb5ccee13166f36c0761a55a,1,heap-buffer-overflow,heap-buffer-overflow,(/root/codex_final_fuzzstudy_0606/513558007-Fuzzing-Study/fuzzgoat_ASAN+0x4da4a) (BuildId: e9c752000637e5054a2d38b8a89a1c1d6b08c082),main at /src/main.c:150,main at /src/main.c:150; main at /src/main.c:129,"id:000013,sig:11,src:000044,time:146855,execs:405817,op:havoc,rep:1"
000014,06,464155,167659,65,dc277a78fd0ad3a47e660b38ca03627da7d0dbd5aea74445994e23797de228a4,1,heap-use-after-free,heap-use-after-free,(/root/codex_final_fuzzstudy_0606/513558007-Fuzzing-Study/fuzzgoat_ASAN+0x114961) (BuildId: e9c752000637e5054a2d38b8a89a1c1d6b08c082),json_parse_ex at /src/fuzzgoat.c:643,json_parse_ex at /src/fuzzgoat.c:643; json_parse at /src/fuzzgoat.c:1073; main at /src/main.c:156; new_value at /src/fuzzgoat.c:137; new_value at /src/fuzzgoat.c:99,"id:000014,sig:06,src:000368,time:167659,execs:464155,op:havoc,rep:9"
000015,11,1288322,470247,12,d28049c2ed4940f3c5301e7728917d9a05442bdf79796ef47ed7284fcb29b5bb,1,heap-buffer-overflow,heap-buffer-overflow,(/root/codex_final_fuzzstudy_0606/513558007-Fuzzing-Study/fuzzgoat_ASAN+0x4da4a) (BuildId: e9c752000637e5054a2d38b8a89a1c1d6b08c082),main at /src/main.c:150,main at /src/main.c:150; main at /src/main.c:129,"id:000015,sig:11,src:000009,time:470247,execs:1288322,op:havoc,rep:2"
000016,11,1824172,666257,17,e36d29867b5424bb8edacd90a266a7c717d999bc8a3e5ccc7d0b504eb02c43d7,1,heap-buffer-overflow,heap-buffer-overflow,(/root/codex_final_fuzzstudy_0606/513558007-Fuzzing-Study/fuzzgoat_ASAN+0x116647) (BuildId: e9c752000637e5054a2d38b8a89a1c1d6b08c082),json_value_free at /src/fuzzgoat.c:258,json_value_free at /src/fuzzgoat.c:258; main at /src/main.c:166; new_value at /src/fuzzgoat.c:99,"id:000016,sig:11,src:000441,time:666257,execs:1824172,op:havoc,rep:16"
000017,06,2329289,878260,68,8d0ac85fce60726fb5aaab4a1a45c5ee9e04198aa99522655f9d30ade5f763c2,1,heap-use-after-free,heap-use-after-free,(/root/codex_final_fuzzstudy_0606/513558007-Fuzzing-Study/fuzzgoat_ASAN+0x114961) (BuildId: e9c752000637e5054a2d38b8a89a1c1d6b08c082),json_parse_ex at /src/fuzzgoat.c:643,json_parse_ex at /src/fuzzgoat.c:643; json_parse at /src/fuzzgoat.c:1073; main at /src/main.c:156; new_value at /src/fuzzgoat.c:137; new_value at /src/fuzzgoat.c:99,"id:000017,sig:06,src:000643,time:878260,execs:2329289,op:havoc,rep:1"
000018,06,2354991,899195,91,a9995043464b764c50e782bc78789720af4d922e3974c5e8c324a40f82a9ab48,1,heap-use-after-free,heap-use-after-free,(/root/codex_final_fuzzstudy_0606/513558007-Fuzzing-Study/fuzzgoat_ASAN+0x114961) (BuildId: e9c752000637e5054a2d38b8a89a1c1d6b08c082),json_parse_ex at /src/fuzzgoat.c:643,json_parse_ex at /src/fuzzgoat.c:643; json_parse at /src/fuzzgoat.c:1073; main at /src/main.c:156; new_value at /src/fuzzgoat.c:137; new_value at /src/fuzzgoat.c:99,"id:000018,sig:06,src:000645,time:899195,execs:2354991,op:havoc,rep:2"
000019,06,3367177,1337605,319,d19b8dc69dab70a8da6f0a49ab29f77e33287b8a470326989f7cc6e1d27ee02e,1,attempting,invalid-free / bad-free,(/root/codex_final_fuzzstudy_0606/513558007-Fuzzing-Study/fuzzgoat_ASAN+0xccffa) (BuildId: e9c752000637e5054a2d38b8a89a1c1d6b08c082),default_free at /src/fuzzgoat.c:85,default_free at /src/fuzzgoat.c:85; main at /src/main.c:166; new_value at /src/fuzzgoat.c:99; json_parse at /src/fuzzgoat.c:1073; main at /src/main.c:156,"id:000019,sig:06,src:000723,time:1337605,execs:3367177,op:havoc,rep:1"
000020,06,4139146,1636988,68,b57cbf38cb56b4b5599694347239f75edb8839217f89060f73095d1c7c648f8a,1,heap-use-after-free,heap-use-after-free,(/root/codex_final_fuzzstudy_0606/513558007-Fuzzing-Study/fuzzgoat_ASAN+0x114961) (BuildId: e9c752000637e5054a2d38b8a89a1c1d6b08c082),json_parse_ex at /src/fuzzgoat.c:643,json_parse_ex at /src/fuzzgoat.c:643; json_parse at /src/fuzzgoat.c:1073; main at /src/main.c:156; new_value at /src/fuzzgoat.c:137; new_value at /src/fuzzgoat.c:99,"id:000020,sig:06,src:000646,time:1636988,execs:4139146,op:havoc,rep:2"
000021,06,4863267,1918100,115,5051c9e695c9739595ba278cd0c6692dc365e9d0e852c9a54919649d6bb0d511,1,attempting,invalid-free / bad-free,(/root/codex_final_fuzzstudy_0606/513558007-Fuzzing-Study/fuzzgoat_ASAN+0xccffa) (BuildId: e9c752000637e5054a2d38b8a89a1c1d6b08c082),default_free at /src/fuzzgoat.c:85,default_free at /src/fuzzgoat.c:85; main at /src/main.c:166; new_value at /src/fuzzgoat.c:99; json_parse at /src/fuzzgoat.c:1073; main at /src/main.c:156,"id:000021,sig:06,src:000656,time:1918100,execs:4863267,op:havoc,rep:1"
000022,06,5433227,2142064,776,198d4aba26d574186ab0b486c9e3dc3e3a77dd0d121e182c3a6c7344e272d25b,1,heap-use-after-free,heap-use-after-free,(/root/codex_final_fuzzstudy_0606/513558007-Fuzzing-Study/fuzzgoat_ASAN+0x114961) (BuildId: e9c752000637e5054a2d38b8a89a1c1d6b08c082),json_parse_ex at /src/fuzzgoat.c:643,json_parse_ex at /src/fuzzgoat.c:643; json_parse at /src/fuzzgoat.c:1073; main at /src/main.c:156; new_value at /src/fuzzgoat.c:137; new_value at /src/fuzzgoat.c:99,"id:000022,sig:06,src:000755,time:2142064,execs:5433227,op:havoc,rep:1"
000023,06,5577623,2198984,1097,0975508750aef141541045a73e6b60add8a4bb163483333718f0393c6e707ab7,1,attempting,invalid-free / bad-free,(/root/codex_final_fuzzstudy_0606/513558007-Fuzzing-Study/fuzzgoat_ASAN+0xccffa) (BuildId: e9c752000637e5054a2d38b8a89a1c1d6b08c082),default_free at /src/fuzzgoat.c:85,default_free at /src/fuzzgoat.c:85; main at /src/main.c:166; new_value at /src/fuzzgoat.c:99; json_parse at /src/fuzzgoat.c:1073; main at /src/main.c:156,"id:000023,sig:06,src:000759,time:2198984,execs:5577623,op:havoc,rep:2"
000024,11,7334313,2889393,27,cf6805923a6f0a33c1ec7d092c0494f77cd74fe6cd1d7874cf9f47d109a695e2,1,heap-buffer-overflow,heap-buffer-overflow,(/root/codex_final_fuzzstudy_0606/513558007-Fuzzing-Study/fuzzgoat_ASAN+0x4da4a) (BuildId: e9c752000637e5054a2d38b8a89a1c1d6b08c082),main at /src/main.c:150,main at /src/main.c:150; main at /src/main.c:129,"id:000024,sig:11,src:000044,time:2889393,execs:7334313,op:havoc,rep:2"
000025,11,10558554,4159718,8,1f936a041c4a113957300062c0c2192bd3c111296573dccfc3388ccf4a9d092e,1,heap-buffer-overflow,heap-buffer-overflow,(/root/codex_final_fuzzstudy_0606/513558007-Fuzzing-Study/fuzzgoat_ASAN+0x4da4a) (BuildId: e9c752000637e5054a2d38b8a89a1c1d6b08c082),main at /src/main.c:150,main at /src/main.c:150; main at /src/main.c:129,"id:000025,sig:11,src:000044,time:4159718,execs:10558554,op:havoc,rep:1"
000026,11,24175766,9572476,1119,b405c4354ac87aedcab0febef70cba10577d23f2a47c12b3ff6710567e28a28f,1,heap-buffer-overflow,heap-buffer-overflow,(/root/codex_final_fuzzstudy_0606/513558007-Fuzzing-Study/fuzzgoat_ASAN+0x4da4a) (BuildId: e9c752000637e5054a2d38b8a89a1c1d6b08c082),main at /src/main.c:150,main at /src/main.c:150; main at /src/main.c:129,"id:000026,sig:11,src:000808,time:9572476,execs:24175766,op:havoc,rep:6"
000027,11,26556754,10522168,2046,95a03709f893c456e8e8afbced942b7fd351a79e0f003c6397a741bf808f6c81,1,SEGV,segmentation-fault,(/root/codex_final_fuzzstudy_0606/513558007-Fuzzing-Study/fuzzgoat_ASAN+0x11625c) (BuildId: e9c752000637e5054a2d38b8a89a1c1d6b08c082),json_value_free at /src/fuzzgoat.c:224,json_value_free at /src/fuzzgoat.c:224; main at /src/main.c:166,"id:000027,sig:11,src:000817,time:10522168,execs:26556754,op:havoc,rep:1"
000028,06,29053301,11527101,262,b2f469d3b930c6782dba5890ca0b689dfd00676c98b57a80c8691ed69f46d181,1,heap-use-after-free,heap-use-after-free,(/root/codex_final_fuzzstudy_0606/513558007-Fuzzing-Study/fuzzgoat_ASAN+0x114961) (BuildId: e9c752000637e5054a2d38b8a89a1c1d6b08c082),json_parse_ex at /src/fuzzgoat.c:643,json_parse_ex at /src/fuzzgoat.c:643; json_parse at /src/fuzzgoat.c:1073; main at /src/main.c:156; new_value at /src/fuzzgoat.c:137; new_value at /src/fuzzgoat.c:99,"id:000028,sig:06,src:000739,time:11527101,execs:29053301,op:havoc,rep:3"
000029,11,29800116,11828580,341,6f982e8743528a8a460323f25fc169a7bbfaf86c76299a64118b75093598c162,1,heap-buffer-overflow,heap-buffer-overflow,(/root/codex_final_fuzzstudy_0606/513558007-Fuzzing-Study/fuzzgoat_ASAN+0x4da4a) (BuildId: e9c752000637e5054a2d38b8a89a1c1d6b08c082),main at /src/main.c:150,main at /src/main.c:150; main at /src/main.c:129,"id:000029,sig:11,src:000808,time:11828580,execs:29800116,op:havoc,rep:3"
000030,11,29935267,11881396,809,c752a1eac6358dba10a1d041f77b2bc440a00029214e81e9ba144435e9fbb4e9,1,heap-buffer-overflow,heap-buffer-overflow,(/root/codex_final_fuzzstudy_0606/513558007-Fuzzing-Study/fuzzgoat_ASAN+0x4da4a) (BuildId: e9c752000637e5054a2d38b8a89a1c1d6b08c082),main at /src/main.c:150,main at /src/main.c:150; main at /src/main.c:129,"id:000030,sig:11,src:000809,time:11881396,execs:29935267,op:havoc,rep:3"
000031,11,30247720,12004562,788,663c891eef8dafeba9218730c5b67e52d6ffa17e24629050b40170bb1c50942b,1,heap-buffer-overflow,heap-buffer-overflow,(/root/codex_final_fuzzstudy_0606/513558007-Fuzzing-Study/fuzzgoat_ASAN+0x4da4a) (BuildId: e9c752000637e5054a2d38b8a89a1c1d6b08c082),main at /src/main.c:150,main at /src/main.c:150; main at /src/main.c:129,"id:000031,sig:11,src:000809,time:12004562,execs:30247720,op:havoc,rep:2"
000032,11,30746878,12203278,810,7f53d92123d82ef1b7457bebb08aa289aa044de799b13a1a5bf67468c7c74fde,1,heap-buffer-overflow,heap-buffer-overflow,(/root/codex_final_fuzzstudy_0606/513558007-Fuzzing-Study/fuzzgoat_ASAN+0x4da4a) (BuildId: e9c752000637e5054a2d38b8a89a1c1d6b08c082),main at /src/main.c:150,main at /src/main.c:150; main at /src/main.c:129,"id:000032,sig:11,src:000808,time:12203278,execs:30746878,op:havoc,rep:1"
000033,11,32271179,12811190,802,5a8dfabfa031abce8025aa64ccaf3d07836c89a7b79512109f0828ecebce05ea,1,heap-buffer-overflow,heap-buffer-overflow,(/root/codex_final_fuzzstudy_0606/513558007-Fuzzing-Study/fuzzgoat_ASAN+0x4da4a) (BuildId: e9c752000637e5054a2d38b8a89a1c1d6b08c082),main at /src/main.c:150,main at /src/main.c:150; main at /src/main.c:129,"id:000033,sig:11,src:000809,time:12811190,execs:32271179,op:havoc,rep:3"
000034,11,32427977,12872898,845,9872e1ad953a9c597f1064cda459110ec98fcba86c57cbc05cf205cf2e30ea4d,1,heap-buffer-overflow,heap-buffer-overflow,(/root/codex_final_fuzzstudy_0606/513558007-Fuzzing-Study/fuzzgoat_ASAN+0x4da4a) (BuildId: e9c752000637e5054a2d38b8a89a1c1d6b08c082),main at /src/main.c:150,main at /src/main.c:150; main at /src/main.c:129,"id:000034,sig:11,src:000809,time:12872898,execs:32427977,op:havoc,rep:4"
000035,11,32428160,12872967,788,ba6b7cbd7fbb14834404d29c5529964881484e8bee58434719c1ab80d2000062,1,heap-buffer-overflow,heap-buffer-overflow,(/root/codex_final_fuzzstudy_0606/513558007-Fuzzing-Study/fuzzgoat_ASAN+0x4da4a) (BuildId: e9c752000637e5054a2d38b8a89a1c1d6b08c082),main at /src/main.c:150,main at /src/main.c:150; main at /src/main.c:129,"id:000035,sig:11,src:000809,time:12872967,execs:32428160,op:havoc,rep:2"
000036,11,33337499,13230216,914,07feecb8a9e2f3d923393960147128f5a05bbefc358920c85b363d0f5dfd3d2a,1,heap-buffer-overflow,heap-buffer-overflow,(/root/codex_final_fuzzstudy_0606/513558007-Fuzzing-Study/fuzzgoat_ASAN+0x4da4a) (BuildId: e9c752000637e5054a2d38b8a89a1c1d6b08c082),main at /src/main.c:150,main at /src/main.c:150; main at /src/main.c:129,"id:000036,sig:11,src:000809,time:13230216,execs:33337499,op:havoc,rep:6"
000037,11,33874096,13440692,834,5491d4939ac289a92700932ff72d44e13a55465069af22e737fbdd7edd9c9ffc,1,heap-buffer-overflow,heap-buffer-overflow,(/root/codex_final_fuzzstudy_0606/513558007-Fuzzing-Study/fuzzgoat_ASAN+0x4da4a) (BuildId: e9c752000637e5054a2d38b8a89a1c1d6b08c082),main at /src/main.c:150,main at /src/main.c:150; main at /src/main.c:129,"id:000037,sig:11,src:000809,time:13440692,execs:33874096,op:havoc,rep:3"
000038,11,36533213,14491605,834,172c4e251504cd304d3c976e29d373e44d0c34ba3c09d1cdc4b19539b2d952af,1,heap-buffer-overflow,heap-buffer-overflow,(/root/codex_final_fuzzstudy_0606/513558007-Fuzzing-Study/fuzzgoat_ASAN+0x4da4a) (BuildId: e9c752000637e5054a2d38b8a89a1c1d6b08c082),main at /src/main.c:150,main at /src/main.c:150; main at /src/main.c:129,"id:000038,sig:11,src:000809,time:14491605,execs:36533213,op:havoc,rep:8"
000039,11,36801242,14598092,2168,8fb22c2b7f63a8835e91db4bb6d8f1e2d4d3997fb81f5870bafc3bb08cd86028,1,heap-buffer-overflow,heap-buffer-overflow,(/root/codex_final_fuzzstudy_0606/513558007-Fuzzing-Study/fuzzgoat_ASAN+0x4da4a) (BuildId: e9c752000637e5054a2d38b8a89a1c1d6b08c082),main at /src/main.c:150,main at /src/main.c:150; main at /src/main.c:129,"id:000039,sig:11,src:000808,time:14598092,execs:36801242,op:havoc,rep:2"
000040,06,37798467,14993612,175,5b917305349f37b3c4da183cea35d81e3b67749608321fcc20a31a1f09581b10,1,heap-use-after-free,heap-use-after-free,(/root/codex_final_fuzzstudy_0606/513558007-Fuzzing-Study/fuzzgoat_ASAN+0x114961) (BuildId: e9c752000637e5054a2d38b8a89a1c1d6b08c082),json_parse_ex at /src/fuzzgoat.c:643,json_parse_ex at /src/fuzzgoat.c:643; json_parse at /src/fuzzgoat.c:1073; main at /src/main.c:156; new_value at /src/fuzzgoat.c:137; new_value at /src/fuzzgoat.c:99,"id:000040,sig:06,src:000737,time:14993612,execs:37798467,op:havoc,rep:2"
000041,06,38096311,15112798,9760,a37573aa01cf9d687addb5cbc65e10558642884417b4da7e370d346c7014d505,1,heap-use-after-free,heap-use-after-free,(/root/codex_final_fuzzstudy_0606/513558007-Fuzzing-Study/fuzzgoat_ASAN+0x114961) (BuildId: e9c752000637e5054a2d38b8a89a1c1d6b08c082),json_parse_ex at /src/fuzzgoat.c:643,json_parse_ex at /src/fuzzgoat.c:643; json_parse at /src/fuzzgoat.c:1073; main at /src/main.c:156; new_value at /src/fuzzgoat.c:137; new_value at /src/fuzzgoat.c:99,"id:000041,sig:06,src:000788,time:15112798,execs:38096311,op:havoc,rep:2"
000042,11,38598685,15312609,2140,a75dc1fe8769328e038459afdb79bebe491e656ab5bcf2f6067728f954517223,1,heap-buffer-overflow,heap-buffer-overflow,(/root/codex_final_fuzzstudy_0606/513558007-Fuzzing-Study/fuzzgoat_ASAN+0x4da4a) (BuildId: e9c752000637e5054a2d38b8a89a1c1d6b08c082),main at /src/main.c:150,main at /src/main.c:150; main at /src/main.c:129,"id:000042,sig:11,src:000809,time:15312609,execs:38598685,op:havoc,rep:8"
000043,11,41873905,16623770,837,45406f39fc8d6bfae77561d0dcadbb0dd0ee5801ce73d0233a6e5444b8be4a26,1,heap-buffer-overflow,heap-buffer-overflow,(/root/codex_final_fuzzstudy_0606/513558007-Fuzzing-Study/fuzzgoat_ASAN+0x4da4a) (BuildId: e9c752000637e5054a2d38b8a89a1c1d6b08c082),main at /src/main.c:150,main at /src/main.c:150; main at /src/main.c:129,"id:000043,sig:11,src:000808,time:16623770,execs:41873905,op:havoc,rep:2"
000044,11,42117162,16721590,712,716f4d2374f114b96b219fb5516d395a06e9a8ede0e960191c6371ab42b08f99,1,heap-buffer-overflow,heap-buffer-overflow,(/root/codex_final_fuzzstudy_0606/513558007-Fuzzing-Study/fuzzgoat_ASAN+0x4da4a) (BuildId: e9c752000637e5054a2d38b8a89a1c1d6b08c082),main at /src/main.c:150,main at /src/main.c:150; main at /src/main.c:129,"id:000044,sig:11,src:000808,time:16721590,execs:42117162,op:havoc,rep:28"
000045,06,43276041,17189397,559,90dc01f0414f3279448e3b96ffd8e43d80abdbe5117efde02e5193fc1560c48b,1,heap-use-after-free,heap-use-after-free,(/root/codex_final_fuzzstudy_0606/513558007-Fuzzing-Study/fuzzgoat_ASAN+0x114961) (BuildId: e9c752000637e5054a2d38b8a89a1c1d6b08c082),json_parse_ex at /src/fuzzgoat.c:643,json_parse_ex at /src/fuzzgoat.c:643; json_parse at /src/fuzzgoat.c:1073; main at /src/main.c:156; new_value at /src/fuzzgoat.c:137; new_value at /src/fuzzgoat.c:99,"id:000045,sig:06,src:000828,time:17189397,execs:43276041,op:havoc,rep:2"
000046,11,43337028,17214999,844,b71bb958be2054ca44be5636d54245b68f5794f08fa44400e829e8c400890b1d,1,heap-buffer-overflow,heap-buffer-overflow,(/root/codex_final_fuzzstudy_0606/513558007-Fuzzing-Study/fuzzgoat_ASAN+0x4da4a) (BuildId: e9c752000637e5054a2d38b8a89a1c1d6b08c082),main at /src/main.c:150,main at /src/main.c:150; main at /src/main.c:129,"id:000046,sig:11,src:000809,time:17214999,execs:43337028,op:havoc,rep:2"
000047,06,45436531,18057514,892,8cf17dc9ac96ac5dd101222d3fb545158fb8d93e69415fe3b6be3122dbe9d4ce,1,attempting,invalid-free / bad-free,(/root/codex_final_fuzzstudy_0606/513558007-Fuzzing-Study/fuzzgoat_ASAN+0xccffa) (BuildId: e9c752000637e5054a2d38b8a89a1c1d6b08c082),default_free at /src/fuzzgoat.c:85,default_free at /src/fuzzgoat.c:85; main at /src/main.c:166; new_value at /src/fuzzgoat.c:99; json_parse at /src/fuzzgoat.c:1073; main at /src/main.c:156,"id:000047,sig:06,src:000832,time:18057514,execs:45436531,op:havoc,rep:2"
000048,06,46123677,18327246,701,f57e73633d5924005b2524f89d34f2f63ad355f40e7ef924ddf330528546fcb9,1,heap-use-after-free,heap-use-after-free,(/root/codex_final_fuzzstudy_0606/513558007-Fuzzing-Study/fuzzgoat_ASAN+0x114961) (BuildId: e9c752000637e5054a2d38b8a89a1c1d6b08c082),json_parse_ex at /src/fuzzgoat.c:643,json_parse_ex at /src/fuzzgoat.c:643; json_parse at /src/fuzzgoat.c:1073; main at /src/main.c:156; new_value at /src/fuzzgoat.c:137; new_value at /src/fuzzgoat.c:99,"id:000048,sig:06,src:000822,time:18327246,execs:46123677,op:havoc,rep:4"
000049,06,47884377,19028446,203,9c04fd90ddb3efedb03bb81f91d74e6730c59b9260484b16c69ae8c632f2d8b9,1,heap-use-after-free,heap-use-after-free,(/root/codex_final_fuzzstudy_0606/513558007-Fuzzing-Study/fuzzgoat_ASAN+0x114961) (BuildId: e9c752000637e5054a2d38b8a89a1c1d6b08c082),json_parse_ex at /src/fuzzgoat.c:643,json_parse_ex at /src/fuzzgoat.c:643; json_parse at /src/fuzzgoat.c:1073; main at /src/main.c:156; new_value at /src/fuzzgoat.c:137; new_value at /src/fuzzgoat.c:99,"id:000049,sig:06,src:000650,time:19028446,execs:47884377,op:havoc,rep:2"
000050,06,48410629,19239962,21,51656b0aae21556d0a353a5512ced5e05f529267d49cacb439ba35d4e5544d4d,1,attempting,invalid-free / bad-free,(/root/codex_final_fuzzstudy_0606/513558007-Fuzzing-Study/fuzzgoat_ASAN+0xccffa) (BuildId: e9c752000637e5054a2d38b8a89a1c1d6b08c082),default_free at /src/fuzzgoat.c:85,default_free at /src/fuzzgoat.c:85; main at /src/main.c:166; new_value at /src/fuzzgoat.c:99; json_parse at /src/fuzzgoat.c:1073; main at /src/main.c:156,"id:000050,sig:06,src:000423,time:19239962,execs:48410629,op:havoc,rep:3"
000051,06,74772844,29807242,467,66ff8bf2fd8cca92fa78128f11175b6bd0c70f2708b7b5db76d57967f2ef3826,1,heap-use-after-free,heap-use-after-free,(/root/codex_final_fuzzstudy_0606/513558007-Fuzzing-Study/fuzzgoat_ASAN+0x114961) (BuildId: e9c752000637e5054a2d38b8a89a1c1d6b08c082),json_parse_ex at /src/fuzzgoat.c:643,json_parse_ex at /src/fuzzgoat.c:643; json_parse at /src/fuzzgoat.c:1073; main at /src/main.c:156; new_value at /src/fuzzgoat.c:137; new_value at /src/fuzzgoat.c:99,"id:000051,sig:06,src:000827,time:29807242,execs:74772844,op:havoc,rep:5"
000052,11,80132254,31973461,26,8841f60cda1f8b8ea8e92187da3a7946dafa6909cd87cea1ecdf9a7bf08ab06b,1,heap-buffer-overflow,heap-buffer-overflow,(/root/codex_final_fuzzstudy_0606/513558007-Fuzzing-Study/fuzzgoat_ASAN+0x4da4a) (BuildId: e9c752000637e5054a2d38b8a89a1c1d6b08c082),main at /src/main.c:150,main at /src/main.c:150; main at /src/main.c:129,"id:000052,sig:11,src:000032,time:31973461,execs:80132254,op:havoc,rep:2"
000053,11,91112804,36396448,810,cac4c80893fb68e706d9108da6517ce7b6053f1a0eb9bc721816ea19d7165307,1,heap-buffer-overflow,heap-buffer-overflow,(/root/codex_final_fuzzstudy_0606/513558007-Fuzzing-Study/fuzzgoat_ASAN+0x4da4a) (BuildId: e9c752000637e5054a2d38b8a89a1c1d6b08c082),main at /src/main.c:150,main at /src/main.c:150; main at /src/main.c:129,"id:000053,sig:11,src:000808,time:36396448,execs:91112804,op:havoc,rep:1"
000054,06,99231779,39687130,205,8cf87bc8e4eb5c4deecb72adb79bf204c73190a42bdf1090895930c99d6f3ea4,1,heap-use-after-free,heap-use-after-free,(/root/codex_final_fuzzstudy_0606/513558007-Fuzzing-Study/fuzzgoat_ASAN+0x114961) (BuildId: e9c752000637e5054a2d38b8a89a1c1d6b08c082),json_parse_ex at /src/fuzzgoat.c:643,json_parse_ex at /src/fuzzgoat.c:643; json_parse at /src/fuzzgoat.c:1073; main at /src/main.c:156; new_value at /src/fuzzgoat.c:137; new_value at /src/fuzzgoat.c:99,"id:000054,sig:06,src:000827,time:39687130,execs:99231779,op:havoc,rep:2"
000055,06,126575324,50775276,1086,a1805f3cc91fd28e52af83dbd50f94e056688f1931fb91957f71ede1398145f1,1,heap-use-after-free,heap-use-after-free,(/root/codex_final_fuzzstudy_0606/513558007-Fuzzing-Study/fuzzgoat_ASAN+0x114961) (BuildId: e9c752000637e5054a2d38b8a89a1c1d6b08c082),json_parse_ex at /src/fuzzgoat.c:643,json_parse_ex at /src/fuzzgoat.c:643; json_parse at /src/fuzzgoat.c:1073; main at /src/main.c:156; new_value at /src/fuzzgoat.c:137; new_value at /src/fuzzgoat.c:99,"id:000055,sig:06,src:000827,time:50775276,execs:126575324,op:havoc,rep:1"
000056,11,127525122,51149343,863,80d02144d701bb4ad49eacc794a0a149dce3b8eea935b903b1cc1736c48c2cfc,1,heap-buffer-overflow,heap-buffer-overflow,(/root/codex_final_fuzzstudy_0606/513558007-Fuzzing-Study/fuzzgoat_ASAN+0x4da4a) (BuildId: e9c752000637e5054a2d38b8a89a1c1d6b08c082),main at /src/main.c:150,main at /src/main.c:150; main at /src/main.c:129,"id:000056,sig:11,src:000809,time:51149343,execs:127525122,op:havoc,rep:5"
000057,11,135004691,54155147,1027,582ed135cc47971f1cc0722d62b1d5e29bbbdd068762ba99873c7ef08ae3e1ff,1,heap-buffer-overflow,heap-buffer-overflow,(/root/codex_final_fuzzstudy_0606/513558007-Fuzzing-Study/fuzzgoat_ASAN+0x4da4a) (BuildId: e9c752000637e5054a2d38b8a89a1c1d6b08c082),main at /src/main.c:150,main at /src/main.c:150; main at /src/main.c:129,"id:000057,sig:11,src:000809,time:54155147,execs:135004691,op:havoc,rep:2"
000058,11,143611558,57582381,810,683068bb5971bdf701d64f360b37cb746e1a8654916be08c2dc1d4cd1a175f7c,1,heap-buffer-overflow,heap-buffer-overflow,(/root/codex_final_fuzzstudy_0606/513558007-Fuzzing-Study/fuzzgoat_ASAN+0x4da4a) (BuildId: e9c752000637e5054a2d38b8a89a1c1d6b08c082),main at /src/main.c:150,main at /src/main.c:150; main at /src/main.c:129,"id:000058,sig:11,src:000808,time:57582381,execs:143611558,op:havoc,rep:3"
000059,06,150651250,60379906,5,89e4e8db07b8aa0967ab6f415103ac6b831f45b6b7b80f3c0fcbf6bfad71f7e1,1,heap-buffer-overflow,heap-buffer-overflow,(/root/codex_final_fuzzstudy_0606/513558007-Fuzzing-Study/fuzzgoat_ASAN+0x4da4a) (BuildId: e9c752000637e5054a2d38b8a89a1c1d6b08c082),main at /src/main.c:150,main at /src/main.c:150; main at /src/main.c:129,"id:000059,sig:06,src:000772,time:60379906,execs:150651250,op:havoc,rep:2"
000060,11,172333378,69035134,303,589e24f20e342d352409a09bb3cf04adeb5d5ce285ddb099983fb33c66be0fb6,1,heap-use-after-free,heap-use-after-free,(/root/codex_final_fuzzstudy_0606/513558007-Fuzzing-Study/fuzzgoat_ASAN+0x114961) (BuildId: e9c752000637e5054a2d38b8a89a1c1d6b08c082),json_parse_ex at /src/fuzzgoat.c:643,json_parse_ex at /src/fuzzgoat.c:643; json_parse at /src/fuzzgoat.c:1073; main at /src/main.c:156; new_value at /src/fuzzgoat.c:137; new_value at /src/fuzzgoat.c:99,"id:000060,sig:11,src:000827,time:69035134,execs:172333378,op:havoc,rep:1"
000061,06,174142806,69759174,738,860c014859a479fdb373d88771459445c04ab2e6433c74e113417e2622d10ea6,1,attempting,invalid-free / bad-free,(/root/codex_final_fuzzstudy_0606/513558007-Fuzzing-Study/fuzzgoat_ASAN+0xccffa) (BuildId: e9c752000637e5054a2d38b8a89a1c1d6b08c082),default_free at /src/fuzzgoat.c:85,default_free at /src/fuzzgoat.c:85; main at /src/main.c:166; new_value at /src/fuzzgoat.c:99; json_parse at /src/fuzzgoat.c:1073; main at /src/main.c:156,"id:000061,sig:06,src:000830,time:69759174,execs:174142806,op:havoc,rep:4"
000062,06,192274338,76990758,458,fbf7d641662d985afe75ff641bd1d5c08e4aef3f02d5fe19f6af43dbab53ac4f,1,heap-use-after-free,heap-use-after-free,(/root/codex_final_fuzzstudy_0606/513558007-Fuzzing-Study/fuzzgoat_ASAN+0x114961) (BuildId: e9c752000637e5054a2d38b8a89a1c1d6b08c082),json_parse_ex at /src/fuzzgoat.c:643,json_parse_ex at /src/fuzzgoat.c:643; json_parse at /src/fuzzgoat.c:1073; main at /src/main.c:156; new_value at /src/fuzzgoat.c:137; new_value at /src/fuzzgoat.c:99,"id:000062,sig:06,src:000827,time:76990758,execs:192274338,op:havoc,rep:3"
000063,11,212511865,85130559,1574,59ed846943b3ba927a72f9d0bd34b62dd872e8ac478402ba359832ccaf1e0deb,1,heap-buffer-overflow,heap-buffer-overflow,(/root/codex_final_fuzzstudy_0606/513558007-Fuzzing-Study/fuzzgoat_ASAN+0x4da4a) (BuildId: e9c752000637e5054a2d38b8a89a1c1d6b08c082),main at /src/main.c:150,main at /src/main.c:150; main at /src/main.c:129,"id:000063,sig:11,src:000847,time:85130559,execs:212511865,op:havoc,rep:15"
000064,11,212909714,85290031,1355,1e6a0a7620177984aa888916c0210cbbc96e75c4d699cbdf8d6a15a71de6a18f,1,heap-buffer-overflow,heap-buffer-overflow,(/root/codex_final_fuzzstudy_0606/513558007-Fuzzing-Study/fuzzgoat_ASAN+0x4da4a) (BuildId: e9c752000637e5054a2d38b8a89a1c1d6b08c082),main at /src/main.c:150,main at /src/main.c:150; main at /src/main.c:129,"id:000064,sig:11,src:000849,time:85290031,execs:212909714,op:havoc,rep:3"
